,,,,,,,,,,,,,KD1,,KD2,,SigStr1,,SidStr2,,SigStr%1,,SigStr%2,,TotSTR,,TotStr2,,TD1,,TD2,,td%1,,TD%2,,SubAtt1,,SubAtt2,,Rev1,,Rev2,,CTRL1,,CTRL2,,,,f1,,,,,,f2,,,,kd_1r1,,kd_2r1,,sigStr_1r1,,sigStr_2r1,,sigStr%_1r1,,sigStr%_2r1,,totStr_1r1,,totStr_2r1,,td1r1,,td2r1,,td%1r1,,td%2r1,,subAtt1r1,,subAtt2r1,,rev1r1,,rev2r2,,ctrl1r1,,ctrl2r1,,,,,,,,If one round,,,,,,,,,,,,,,TotHead1,,TotalHead2,,Totbody1,,Totalbody2,,Totleg1,,totleg2,,totdist1,,totdist2,,clinch1,,clinch2,,ground1,,ground2,ROUND 1 DONE,,,,,,,,,,,,,,,,,,,,,,,,,,,,,,,,,,,,,,,,,,,,,,,,,,,,,,,,,,,,,,,,,,,,,,,,,,,,,,,,,,,,,,,,,,,,,,,,,,,,,,,,,,,,,,,,,,,,,,,,,,,,,,,,,,,,,,,,,,,,,,,,,,,,,,,,,,,,,,,,,,,,,,,,,,,,,,,,,,,,,,,,,,,,,,,,,,,,,,,,,,,,,,,,,,,,,,,,,,,,,,,,,,,,,,,,,,,,,,,,,,,,,,,,,,,,,,,,,,,,,,,,,,,,,,,,,,,,,,,,,,,,,,,,,,,,,,,,,,,,,,,,,,,,,,,,,,,,,,,,,,,,,,,,,,,,,,,,,,,,,,,,,,,,,,,,,,,,,,,,,,,,,,,,,,,,,,,,,,,,,,,,,,,,,,,,,,,,,,,,,,,,,,,,,,,
,,,,,,,,,,,,,,,,,,,,,,,,,,,,,,,,,,,,,,,,,,,,,,,,,,,,,,,,,,,,,,,,,,,,,,,,,,,,,,,,,,,,,,,,,,,,,,,,,,,,,,,two rounds,,,,,,kd_1r1,,kd_2r1,,sigStr_1r1,,sigStr_2r1,,sigStr%_1r1,,sigStr%_2r1,,totStr_1r1,,totStr_2r1,,td1r1,,td2r1,,td%1r1,,td%2r1,,subAtt1r1,,subAtt2r1,,rev1r1,,rev2r2,,ctrl1r1,,ctrl2r1,,,,,,,,,,,,,,,,,,,,,,TotHead1,,TotalHead2,,Totbody1,,Totalbody2,,Totleg1,,totleg2,,totdist1,,totdist2,,clinch1,,clinch2,,ground1,,ground2,ROUND 2 DONE,,,,,,,,,,,,,,,,,,,,,,,,,,,,,,,,,,,,,,,,,,,,,,,,,,,,,,,,,,,,,,,,,,,,,,,,,,,,,,,,,,,,,,,,,,,,,,,,,,,,,,,,,,,,,,,,,,,,,,,,,,,,,,,,,,,,,,,,,,,,,,,,,,,,,,,,,,,,,,,,,,,,,,,,,,,,,,,,,,,,,,,,,,,,,,,,,,,,,,,,,,,,,,,,,,,,,,,,,,,,,,,,,,,,,,,,,,,,,,,,,,,,,,,,,,,,,,,,,,,,,,,,,,,,,,,,,,,,,,,,,,,,,,,,,,,,,,,,,,,,,,,,,,,,,,,,,,,,,,,,,,,,,,,,,,,,,,,,,,,,,,,,,,,,,,,,,,,,,,,,,,,
,,,,,,,,,,,,,,,,,,,,,,,,,,,,,,,,,,,,,,,,,,,,,,,,,,,,,,,,,,,,,,,,,,,,,,,,,,,,,,,,,,,,,,,,,,,,,,,,,,,,,,,three rounds,,,,,,,,,,,,,,,,,,,,,,,,,,,,,,,,,,,,,,,,,,,,,,,,,,,,,,kd_1r1,,kd_2r1,,sigStr_1r1,,sigStr_2r1,,sigStr%_1r1,,sigStr%_2r1,,totStr_1r1,,totStr_2r1,,td1r1,,td2r1,,td%1r1,,td%2r1,,subAtt1r1,,subAtt2r1,,rev1r1,,rev2r2,,ctrl1r1,,ctrl2r1,,,,,,,,,,,,,,,,,,,,,,TotHead1,,TotalHead2,,Totbody1,,Totalbody2,,Totleg1,,totleg2,,totdist1,,totdist2,,clinch1,,clinch2,,ground1,,ground2,,ROUND 3 DONE,,,,,,,,,,,,,,,,,,,,,,,,,,,,,,,,,,,,,,,,,,,,,,,,,,,,,,,,,,,,,,,,,,,,,,,,,,,,,,,,,,,,,,,,,,,,,,,,,,,,,,,,,,,,,,,,,,,,,,,,,,,,,,,,,,,,,,,,,,,,,,,,,,,,,,,,,,,,,,,,,,,,,,,,,,,,,,,,,,,,,,,,,,,,,,,,,,,,,,,,,,,,,,,,,,,,,,,,,,,,,,,,,,,,,,,,,,,,,,,,,,,,,,,,,,,,,,,,,,,,,,,,,,,,,,,,,,,,,,,,,,,,,,,,,,,,,,,,,,,,,,,,,,,,,,,,,,
,,,,,,,,,,,,,,,,,,,,,,,,,,,,,,,,,,,,,,,,,,,,,,,,,,,,,,,,,,,,,,,,,,,,,,,,,,,,,,,,,,,,,,,,,,,,,,,,,,,,,,,four Rounds,,,,,,,,,,,,,,,,,,,,,,,,,,,,,,,,,,,,,,,,,,,,,,,,,,,,,,,,,,,,,,,,,,,,,,,,,,,,,,,,,,,,,,,,,,,,,,,,,,,,,,kd_1r1,,kd_2r1,,sigStr_1r1,,sigStr_2r1,,sigStr%_1r1,,sigStr%_2r1,,totStr_1r1,,totStr_2r1,,td1r1,,td2r1,,td%1r1,,td%2r1,,subAtt1r1,,subAtt2r1,,rev1r1,,rev2r2,,ctrl1r1,,ctrl2r1,,,,,,,,,,,,,,,,,,,,,,TotHead1,,TotalHead2,,Totbody1,,Totalbody2,,Totleg1,,totleg2,,totdist1,,totdist2,,clinch1,,clinch2,,ground1,,ground2,,ROUND 4 DONE,,,,,,,,,,,,,,,,,,,,,,,,,,,,,,,,,,,,,,,,,,,,,,,,,,,,,,,,,,,,,,,,,,,,,,,,,,,,,,,,,,,,,,,,,,,,,,,,,,,,,,,,,,,,,,,,,,,,,,,,,,,,,,,,,,,,,,,,,,,,,,,,,,,,,,,,,,,,,,,,,,,,,,,,,,,,,,,,,,,,,,,,,,,,,,,,,,,,,,,,,,,,,,,,,,,,,,,,,,,,,,,,,,,,,,,,,,,,,,,,,,,,,,,,,,,,,,,,,,,,,,,,,,
,,,,,,,,,,,,,,,,,,,,,,,,,,,,,,,,,,,,,,,,,,,,,,,,,,,,,,,,,,,,,,,,,,,,,,,,,,,,,,,,,,,,,,,,,,,,,,,,,,,,,,,Five Rounds,,,,,,,,,,,,,,,,,,,,,,,,,,,,,,,,,,,,,,,,,,,,,,,,,,,,,,,,,,,,,,,,,,,,,,,,,,,,,,,,,,,,,,,,,,,,,,,,,,,,,,,,,,,,,,,,,,,,,,,,,,,,,,,,,,,,,,,,,,,,,,,,,,,,,,kd_1r1,,kd_2r1,,sigStr_1r1,,sigStr_2r1,,sigStr%_1r1,,sigStr%_2r1,,totStr_1r1,,totStr_2r1,,td1r1,,td2r1,,td%1r1,,td%2r1,,subAtt1r1,,subAtt2r1,,rev1r1,,rev2r2,,ctrl1r1,,ctrl2r1,,,,,,,,,,,,,,,,,,,,,,TotHead1,,TotalHead2,,Totbody1,,Totalbody2,,Totleg1,,totleg2,,totdist1,,totdist2,,clinch1,,clinch2,,ground1,,ground2,,ROUND 5 DONE,,,,,,,,,,,,,,,,,,,,,,,,,,,,,,,,,,,,,,,,,,,,,,,,,,,,,,,,,,,,,,,,,,,,,,,,,,,,,,,,,,,,,,,,,,,,,,,,,,,,,,,,,,,,,,,,,,,,,,,,,,,,,,,,,,,,,,,,,,,,,,,,,,,,,,,,,,,,,,,,,,,,,,,,,,,,,,,,,,,,,,,,,,,,,,,,,,,,,,,,,,,,,,,,,,,,,,,,,,
"""0", ,1, Ji Yeon Kim,2, ,3, ,4, Melinda Fabian,5, ,6,0,7,0,8, 73 of 241,9, 72 of 173,10,30%,11,41%,12, 93 of 261,13, 79 of 180,14, 0 of 0,15, 0 of 1,16, ---,17,0%,18,0,19,0,20,0,21,0,22, 2:26,23, 0:02,24, ,25, Ji Yeon Kim,26, ,27, ,28, Melinda Fabian,29, ,30,0,31,0,32, 33 of 113,33, 34 of 79,34,29%,35,43%,36, 35 of 115,37, 34 of 79,38, 0 of 0,39, 0 of 0,40, ---,41, ---,42,0,43,0,44,0,45,0,46, 0:18,47, 0:00,48, ,49, Ji Yeon Kim,50, ,51, ,52, Melinda Fabian,53, ,54,0,55,0,56, 20 of 62,57, 17 of 48,58,32%,59,35%,60, 23 of 65,61, 17 of 48,62, 0 of 0,63, 0 of 1,64, ---,65,0%,66,0,67,0,68,0,69,0,70, 0:31,71, 0:02,72, ,73, Ji Yeon Kim,74, ,75, ,76, Melinda Fabian,77, ,78,0,79,0,80, 20 of 66,81, 21 of 46,82,30%,83,45%,84, 35 of 81,85, 28 of 53,86, 0 of 0,87, 0 of 0,88, ---,89, ---,90,0,91,0,92,0,93,0,94, 1:37,95, 0:00,96, ,97, Ji Yeon Kim,98, ,99, ,100, Melinda Fabian,101, ,102, 73 of 241,103, 72 of 173,104,30%,105,41%,106, 46 of 205,107, 39 of 127,108, 22 of 29,109, 11 of 18,110, 5 of 7,111, 22 of 28,112, 52 of 215,113, 66 of 154,114, 21 of 26,115, 6 of 19,116, 0 of 0,117, 0 of 0,118, ,119, Ji Yeon Kim,120, ,121, ,122, Melinda Fabian,123, ,124, 33 of 113,125, 34 of 79,126,29%,127,43%,128, 24 of 103,129, 16 of 60,130, 7 of 7,131, 5 of 6,132, 2 of 3,133, 13 of 13,134, 27 of 106,135, 34 of 78,136, 6 of 7,137, 0 of 1,138, 0 of 0,139, 0 of 0,140, ,141, Ji Yeon Kim,142, ,143, ,144, Melinda Fabian,145, ,146, 20 of 62,147, 17 of 48,148,32%,149,35%,150, 15 of 57,151, 9 of 32,152, 3 of 3,153, 1 of 4,154, 2 of 2,155, 7 of 12,156, 16 of 58,157, 17 of 45,158, 4 of 4,159, 0 of 3,160, 0 of 0,161, 0 of 0,162, ,163, Ji Yeon Kim,164, ,165, ,166, Melinda Fabian,167, ,168, 20 of 66,169, 21 of 46,170,30%,171,45%,172, 7 of 45,173, 14 of 35,174, 12 of 19,175, 5 of 8,176, 1 of 2,177, 2 of 3,178, 9 of 51,179, 15 of 31,180, 11 of 15,181, 6 of 15,182, 0 of 0,183," 0 of 0""",,,,,,,,,,,,,,,,,,,,,,,,,,,,,,,,,,,,,,,,,,,,,,,,,,,,,,,,,,,,,,,,,,,,,,,,,,,,,,,,,,,,,,,,,,,,,,,,,,,,,,,,,,,,,,,,,,,,,,,,,,,,,,,,,,,,,,,,,,,,,,,,,,,,,,,,,,,,,,,,,,,,,,,,,,,,,,,,,,,,,,,,
"""0", ,1, Jenel Lausa,2, ,3, ,4, Yuta Sasaki,5, ,6,0,7,0,8, 7 of 14,9, 25 of 56,10,50%,11,44%,12, 9 of 16,13, 34 of 66,14, 0 of 0,15, 5 of 7,16, ---,17,71%,18,0,19,1,20,0,21,0,22, 0:12,23, 6:51,24, ,25, Jenel Lausa,26, ,27, ,28, Yuta Sasaki,29, ,30,0,31,0,32, 0 of 0,33, 8 of 14,34, ---,35,57%,36, 2 of 2,37, 13 of 19,38, 0 of 0,39, 4 of 4,40, ---,41,100%,42,0,43,0,44,0,45,0,46, 0:10,47, 4:45,48, ,49, Jenel Lausa,50, ,51, ,52, Yuta Sasaki,53, ,54,0,55,0,56, 7 of 14,57, 17 of 42,58,50%,59,40%,60, 7 of 14,61, 21 of 47,62, 0 of 0,63, 1 of 3,64, ---,65,33%,66,0,67,1,68,0,69,0,70, 0:02,71, 2:06,72, ,73, Jenel Lausa,74, ,75, ,76, Yuta Sasaki,77, ,78, 7 of 14,79, 25 of 56,80,50%,81,44%,82, 4 of 10,83, 18 of 46,84, 2 of 3,85, 6 of 8,86, 1 of 1,87, 1 of 2,88, 5 of 12,89, 6 of 17,90, 0 of 0,91, 4 of 5,92, 2 of 2,93, 15 of 34,94, ,95, Jenel Lausa,96, ,97, ,98, Yuta Sasaki,99, ,100, 0 of 0,101, 8 of 14,102, ---,103,57%,104, 0 of 0,105, 6 of 11,106, 0 of 0,107, 2 of 3,108, 0 of 0,109, 0 of 0,110, 0 of 0,111, 0 of 0,112, 0 of 0,113, 4 of 5,114, 0 of 0,115, 4 of 9,116, ,117, Jenel Lausa,118, ,119, ,120, Yuta Sasaki,121, ,122, 7 of 14,123, 17 of 42,124,50%,125,40%,126, 4 of 10,127, 12 of 35,128, 2 of 3,129, 4 of 5,130, 1 of 1,131, 1 of 2,132, 5 of 12,133, 6 of 17,134, 0 of 0,135, 0 of 0,136, 2 of 2,137," 11 of 25""",,,,,,,,,,,,,,,,,,,,,,,,,,,,,,,,,,,,,,,,,,,,,,,,,,,,,,,,,,,,,,,,,,,,,,,,,,,,,,,,,,,,,,,,,,,,,,,,,,,,,,,,,,,,,,,,,,,,,,,,,,,,,,,,,,,,,,,,,,,,,,,,,,,,,,,,,,,,,,,,,,,,,,,,,,,,,,,,,,,,,,,,,,,,,,,,,,,,,,,,,,,,,,,,,,,,,,,,,,,,,,,,,,,,,,,,,,,,,,,,,,,,,,,,,,,,,,,,,,,,,,,,,,,,,,,,,,,,
"""0", ,1, Matt Schnell,2, ,3, ,4, Naoki Inoue,5, ,6,0,7,0,8, 71 of 183,9, 48 of 196,10,38%,11,24%,12, 79 of 192,13, 64 of 212,14, 0 of 1,15, 0 of 1,16,0%,17,0%,18,0,19,0,20,0,21,0,22, 0:00,23, 0:37,24, ,25, Matt Schnell,26, ,27, ,28, Naoki Inoue,29, ,30,0,31,0,32, 25 of 59,33, 16 of 63,34,42%,35,25%,36, 25 of 59,37, 16 of 63,38, 0 of 0,39, 0 of 0,40, ---,41, ---,42,0,43,0,44,0,45,0,46, 0:00,47, 0:00,48, ,49, Matt Schnell,50, ,51, ,52, Naoki Inoue,53, ,54,0,55,0,56, 23 of 60,57, 10 of 67,58,38%,59,14%,60, 23 of 60,61, 10 of 67,62, 0 of 0,63, 0 of 0,64, ---,65, ---,66,0,67,0,68,0,69,0,70, 0:00,71, 0:00,72, ,73, Matt Schnell,74, ,75, ,76, Naoki Inoue,77, ,78,0,79,0,80, 23 of 64,81, 22 of 66,82,35%,83,33%,84, 31 of 73,85, 38 of 82,86, 0 of 1,87, 0 of 1,88,0%,89,0%,90,0,91,0,92,0,93,0,94, 0:00,95, 0:37,96, ,97, Matt Schnell,98, ,99, ,100, Naoki Inoue,101, ,102, 71 of 183,103, 48 of 196,104,38%,105,24%,106, 43 of 141,107, 35 of 172,108, 5 of 12,109, 2 of 4,110, 23 of 30,111, 11 of 20,112, 68 of 177,113, 42 of 190,114, 3 of 6,115, 6 of 6,116, 0 of 0,117, 0 of 0,118, ,119, Matt Schnell,120, ,121, ,122, Naoki Inoue,123, ,124, 25 of 59,125, 16 of 63,126,42%,127,25%,128, 14 of 45,129, 13 of 56,130, 1 of 3,131, 0 of 0,132, 10 of 11,133, 3 of 7,134, 25 of 58,135, 15 of 62,136, 0 of 1,137, 1 of 1,138, 0 of 0,139, 0 of 0,140, ,141, Matt Schnell,142, ,143, ,144, Naoki Inoue,145, ,146, 23 of 60,147, 10 of 67,148,38%,149,14%,150, 14 of 45,151, 9 of 61,152, 2 of 4,153, 0 of 1,154, 7 of 11,155, 1 of 5,156, 22 of 57,157, 9 of 66,158, 1 of 3,159, 1 of 1,160, 0 of 0,161, 0 of 0,162, ,163, Matt Schnell,164, ,165, ,166, Naoki Inoue,167, ,168, 23 of 64,169, 22 of 66,170,35%,171,33%,172, 15 of 51,173, 13 of 55,174, 2 of 5,175, 2 of 3,176, 6 of 8,177, 7 of 8,178, 21 of 62,179, 18 of 62,180, 2 of 2,181, 4 of 4,182, 0 of 0,183," 0 of 0""",,,,,,,,,,,,,,,,,,,,,,,,,,,,,,,,,,,,,,,,,,,,,,,,,,,,,,,,,,,,,,,,,,,,,,,,,,,,,,,,,,,,,,,,,,,,,,,,,,,,,,,,,,,,,,,,,,,,,,,,,,,,,,,,,,,,,,,,,,,,,,,,,,,,,,,,,,,,,,,,,,,,,,,,,,,,,,,,,,,,,,,,
"""0", ,1, Viviane Pereira,2, ,3, ,4, Yan Xiaonan,5, ,6,0,7,0,8, 44 of 212,9, 71 of 227,10,20%,11,31%,12, 44 of 212,13, 71 of 227,14, 0 of 0,15, 0 of 0,16, ---,17, ---,18,0,19,0,20,0,21,0,22, 0:00,23, 0:00,24, ,25, Viviane Pereira,26, ,27, ,28, Yan Xiaonan,29, ,30,0,31,0,32, 9 of 51,33, 20 of 68,34,17%,35,29%,36, 9 of 51,37, 20 of 68,38, 0 of 0,39, 0 of 0,40, ---,41, ---,42,0,43,0,44,0,45,0,46, 0:00,47, 0:00,48, ,49, Viviane Pereira,50, ,51, ,52, Yan Xiaonan,53, ,54,0,55,0,56, 23 of 80,57, 27 of 80,58,28%,59,33%,60, 23 of 80,61, 27 of 80,62, 0 of 0,63, 0 of 0,64, ---,65, ---,66,0,67,0,68,0,69,0,70, 0:00,71, 0:00,72, ,73, Viviane Pereira,74, ,75, ,76, Yan Xiaonan,77, ,78,0,79,0,80, 12 of 81,81, 24 of 79,82,14%,83,30%,84, 12 of 81,85, 24 of 79,86, 0 of 0,87, 0 of 0,88, ---,89, ---,90,0,91,0,92,0,93,0,94, 0:00,95, 0:00,96, ,97, Viviane Pereira,98, ,99, ,100, Yan Xiaonan,101, ,102, 44 of 212,103, 71 of 227,104,20%,105,31%,106, 34 of 189,107, 42 of 174,108, 10 of 23,109, 2 of 8,110, 0 of 0,111, 27 of 45,112, 43 of 210,113, 71 of 226,114, 1 of 2,115, 0 of 1,116, 0 of 0,117, 0 of 0,118, ,119, Viviane Pereira,120, ,121, ,122, Yan Xiaonan,123, ,124, 9 of 51,125, 20 of 68,126,17%,127,29%,128, 6 of 46,129, 13 of 55,130, 3 of 5,131, 2 of 5,132, 0 of 0,133, 5 of 8,134, 9 of 51,135, 20 of 68,136, 0 of 0,137, 0 of 0,138, 0 of 0,139, 0 of 0,140, ,141, Viviane Pereira,142, ,143, ,144, Yan Xiaonan,145, ,146, 23 of 80,147, 27 of 80,148,28%,149,33%,150, 18 of 71,151, 14 of 56,152, 5 of 9,153, 0 of 3,154, 0 of 0,155, 13 of 21,156, 23 of 80,157, 27 of 80,158, 0 of 0,159, 0 of 0,160, 0 of 0,161, 0 of 0,162, ,163, Viviane Pereira,164, ,165, ,166, Yan Xiaonan,167, ,168, 12 of 81,169, 24 of 79,170,14%,171,30%,172, 10 of 72,173, 15 of 63,174, 2 of 9,175, 0 of 0,176, 0 of 0,177, 9 of 16,178, 11 of 79,179, 24 of 78,180, 1 of 2,181, 0 of 1,182, 0 of 0,183," 0 of 0""",,,,,,,,,,,,,,,,,,,,,,,,,,,,,,,,,,,,,,,,,,,,,,,,,,,,,,,,,,,,,,,,,,,,,,,,,,,,,,,,,,,,,,,,,,,,,,,,,,,,,,,,,,,,,,,,,,,,,,,,,,,,,,,,,,,,,,,,,,,,,,,,,,,,,,,,,,,,,,,,,,,,,,,,,,,,,,,,,,,,,,,,
"""0", ,1, Shinsho Anzai,2, ,3, ,4, Jake Matthews,5, ,6,0,7,0,8, 1 of 5,9, 12 of 19,10,20%,11,63%,12, 6 of 13,13, 18 of 25,14, 0 of 1,15, 1 of 1,16,0%,17,100%,18,0,19,1,20,0,21,0,22, 0:56,23, 1:00,24, ,25, Shinsho Anzai,26, ,27, ,28, Jake Matthews,29, ,30,0,31,0,32, 1 of 5,33, 12 of 19,34,20%,35,63%,36, 6 of 13,37, 18 of 25,38, 0 of 1,39, 1 of 1,40,0%,41,100%,42,0,43,1,44,0,45,0,46, 0:56,47, 1:00,48, ,49, Shinsho Anzai,50, ,51, ,52, Jake Matthews,53, ,54, 1 of 5,55, 12 of 19,56,20%,57,63%,58, 0 of 4,59, 9 of 16,60, 1 of 1,61, 3 of 3,62, 0 of 0,63, 0 of 0,64, 0 of 4,65, 5 of 8,66, 1 of 1,67, 5 of 8,68, 0 of 0,69, 2 of 3,70, ,71, Shinsho Anzai,72, ,73, ,74, Jake Matthews,75, ,76, 1 of 5,77, 12 of 19,78,20%,79,63%,80, 0 of 4,81, 9 of 16,82, 1 of 1,83, 3 of 3,84, 0 of 0,85, 0 of 0,86, 0 of 4,87, 5 of 8,88, 1 of 1,89, 5 of 8,90, 0 of 0,91," 2 of 3""",,,,,,,,,,,,,,,,,,,,,,,,,,,,,,,,,,,,,,,,,,,,,,,,,,,,,,,,,,,,,,,,,,,,,,,,,,,,,,,,,,,,,,,,,,,,,,,,,,,,,,,,,,,,,,,,,,,,,,,,,,,,,,,,,,,,,,,,,,,,,,,,,,,,,,,,,,,,,,,,,,,,,,,,,,,,,,,,,,,,,,,,,,,,,,,,,,,,,,,,,,,,,,,,,,,,,,,,,,,,,,,,,,,,,,,,,,,,,,,,,,,,,,,,,,,,,,,,,,,,,,,,,,,,,,,,,,,,,,,,,,,,,,,,,,,,,,,,,,,,,,,,,,,,,,,,,,,,,,,,,,,,,,,,,,,,,,,,,,,,,,,,,,,,,,,,,,,,,,,,,,,,,,,,
"""0", ,1, Song Kenan,2, ,3, ,4, Hector Aldana,5, ,6,1,7,0,8, 32 of 71,9, 39 of 90,10,45%,11,43%,12, 34 of 76,13, 41 of 92,14, 0 of 0,15, 2 of 2,16, ---,17,100%,18,0,19,0,20,0,21,0,22, 0:04,23, 0:11,24, ,25, Song Kenan,26, ,27, ,28, Hector Aldana,29, ,30,0,31,0,32, 9 of 29,33, 19 of 46,34,31%,35,41%,36, 9 of 29,37, 21 of 48,38, 0 of 0,39, 2 of 2,40, ---,41,100%,42,0,43,0,44,0,45,0,46, 0:00,47, 0:11,48, ,49, Song Kenan,50, ,51, ,52, Hector Aldana,53, ,54,1,55,0,56, 23 of 42,57, 20 of 44,58,54%,59,45%,60, 25 of 47,61, 20 of 44,62, 0 of 0,63, 0 of 0,64, ---,65, ---,66,0,67,0,68,0,69,0,70, 0:04,71, 0:00,72, ,73, Song Kenan,74, ,75, ,76, Hector Aldana,77, ,78, 32 of 71,79, 39 of 90,80,45%,81,43%,82, 17 of 52,83, 17 of 59,84, 3 of 5,85, 6 of 10,86, 12 of 14,87, 16 of 21,88, 27 of 64,89, 38 of 89,90, 0 of 0,91, 0 of 0,92, 5 of 7,93, 1 of 1,94, ,95, Song Kenan,96, ,97, ,98, Hector Aldana,99, ,100, 9 of 29,101, 19 of 46,102,31%,103,41%,104, 1 of 18,105, 11 of 34,106, 1 of 3,107, 3 of 6,108, 7 of 8,109, 5 of 6,110, 9 of 29,111, 18 of 45,112, 0 of 0,113, 0 of 0,114, 0 of 0,115, 1 of 1,116, ,117, Song Kenan,118, ,119, ,120, Hector Aldana,121, ,122, 23 of 42,123, 20 of 44,124,54%,125,45%,126, 16 of 34,127, 6 of 25,128, 2 of 2,129, 3 of 4,130, 5 of 6,131, 11 of 15,132, 18 of 35,133, 20 of 44,134, 0 of 0,135, 0 of 0,136, 5 of 7,137," 0 of 0""",,,,,,,,,,,,,,,,,,,,,,,,,,,,,,,,,,,,,,,,,,,,,,,,,,,,,,,,,,,,,,,,,,,,,,,,,,,,,,,,,,,,,,,,,,,,,,,,,,,,,,,,,,,,,,,,,,,,,,,,,,,,,,,,,,,,,,,,,,,,,,,,,,,,,,,,,,,,,,,,,,,,,,,,,,,,,,,,,,,,,,,,,,,,,,,,,,,,,,,,,,,,,,,,,,,,,,,,,,,,,,,,,,,,,,,,,,,,,,,,,,,,,,,,,,,,,,,,,,,,,,,,,,,,,,,,,,,,
"""0", ,1, Rolando Dy,2, ,3, ,4, Shane Young,5, ,6,0,7,0,8, 57 of 152,9, 104 of 215,10,37%,11,48%,12, 58 of 153,13, 116 of 230,14, 0 of 0,15, 1 of 5,16, ---,17,20%,18,0,19,0,20,0,21,0,22, 0:00,23, 1:44,24, ,25, Rolando Dy,26, ,27, ,28, Shane Young,29, ,30,0,31,0,32, 24 of 71,33, 52 of 97,34,33%,35,53%,36, 25 of 72,37, 54 of 101,38, 0 of 0,39, 1 of 3,40, ---,41,33%,42,0,43,0,44,0,45,0,46, 0:00,47, 0:57,48, ,49, Rolando Dy,50, ,51, ,52, Shane Young,53, ,54,0,55,0,56, 33 of 81,57, 52 of 118,58,40%,59,44%,60, 33 of 81,61, 62 of 129,62, 0 of 0,63, 0 of 2,64, ---,65,0%,66,0,67,0,68,0,69,0,70, 0:00,71, 0:47,72, ,73, Rolando Dy,74, ,75, ,76, Shane Young,77, ,78, 57 of 152,79, 104 of 215,80,37%,81,48%,82, 41 of 131,83, 74 of 183,84, 13 of 18,85, 20 of 22,86, 3 of 3,87, 10 of 10,88, 49 of 140,89, 89 of 191,90, 8 of 12,91, 15 of 24,92, 0 of 0,93, 0 of 0,94, ,95, Rolando Dy,96, ,97, ,98, Shane Young,99, ,100, 24 of 71,101, 52 of 97,102,33%,103,53%,104, 14 of 59,105, 29 of 72,106, 8 of 10,107, 15 of 17,108, 2 of 2,109, 8 of 8,110, 20 of 67,111, 49 of 93,112, 4 of 4,113, 3 of 4,114, 0 of 0,115, 0 of 0,116, ,117, Rolando Dy,118, ,119, ,120, Shane Young,121, ,122, 33 of 81,123, 52 of 118,124,40%,125,44%,126, 27 of 72,127, 45 of 111,128, 5 of 8,129, 5 of 5,130, 1 of 1,131, 2 of 2,132, 29 of 73,133, 40 of 98,134, 4 of 8,135, 12 of 20,136, 0 of 0,137," 0 of 0""",,,,,,,,,,,,,,,,,,,,,,,,,,,,,,,,,,,,,,,,,,,,,,,,,,,,,,,,,,,,,,,,,,,,,,,,,,,,,,,,,,,,,,,,,,,,,,,,,,,,,,,,,,,,,,,,,,,,,,,,,,,,,,,,,,,,,,,,,,,,,,,,,,,,,,,,,,,,,,,,,,,,,,,,,,,,,,,,,,,,,,,,,,,,,,,,,,,,,,,,,,,,,,,,,,,,,,,,,,,,,,,,,,,,,,,,,,,,,,,,,,,,,,,,,,,,,,,,,,,,,,,,,,,,,,,,,,,,
"""0", ,1, Felipe Arantes,2, ,3, ,4, Song Yadong,5, ,6,0,7,1,8, 8 of 31,9, 39 of 100,10,25%,11,39%,12, 9 of 32,13, 88 of 155,14, 0 of 2,15, 1 of 1,16,0%,17,100%,18,0,19,1,20,0,21,0,22, 0:16,23, 6:14,24, ,25, Felipe Arantes,26, ,27, ,28, Song Yadong,29, ,30,0,31,0,32, 6 of 21,33, 24 of 70,34,28%,35,34%,36, 7 of 22,37, 49 of 98,38, 0 of 0,39, 0 of 0,40, ---,41, ---,42,0,43,0,44,0,45,0,46, 0:00,47, 2:16,48, ,49, Felipe Arantes,50, ,51, ,52, Song Yadong,53, ,54,0,55,1,56, 2 of 10,57, 15 of 30,58,20%,59,50%,60, 2 of 10,61, 39 of 57,62, 0 of 2,63, 1 of 1,64,0%,65,100%,66,0,67,1,68,0,69,0,70, 0:16,71, 3:58,72, ,73, Felipe Arantes,74, ,75, ,76, Song Yadong,77, ,78, 8 of 31,79, 39 of 100,80,25%,81,39%,82, 7 of 27,83, 26 of 80,84, 0 of 3,85, 7 of 13,86, 1 of 1,87, 6 of 7,88, 8 of 31,89, 14 of 63,90, 0 of 0,91, 4 of 5,92, 0 of 0,93, 21 of 32,94, ,95, Felipe Arantes,96, ,97, ,98, Song Yadong,99, ,100, 6 of 21,101, 24 of 70,102,28%,103,34%,104, 6 of 21,105, 15 of 56,106, 0 of 0,107, 3 of 7,108, 0 of 0,109, 6 of 7,110, 6 of 21,111, 12 of 51,112, 0 of 0,113, 3 of 3,114, 0 of 0,115, 9 of 16,116, ,117, Felipe Arantes,118, ,119, ,120, Song Yadong,121, ,122, 2 of 10,123, 15 of 30,124,20%,125,50%,126, 1 of 6,127, 11 of 24,128, 0 of 3,129, 4 of 6,130, 1 of 1,131, 0 of 0,132, 2 of 10,133, 2 of 12,134, 0 of 0,135, 1 of 2,136, 0 of 0,137," 12 of 16""",,,,,,,,,,,,,,,,,,,,,,,,,,,,,,,,,,,,,,,,,,,,,,,,,,,,,,,,,,,,,,,,,,,,,,,,,,,,,,,,,,,,,,,,,,,,,,,,,,,,,,,,,,,,,,,,,,,,,,,,,,,,,,,,,,,,,,,,,,,,,,,,,,,,,,,,,,,,,,,,,,,,,,,,,,,,,,,,,,,,,,,,,,,,,,,,,,,,,,,,,,,,,,,,,,,,,,,,,,,,,,,,,,,,,,,,,,,,,,,,,,,,,,,,,,,,,,,,,,,,,,,,,,,,,,,,,,,,
"""0", ,1, Teruto Ishihara,2, ,3, ,4, Petr Yan,5, ,6,0,7,2,8, 11 of 30,9, 25 of 40,10,36%,11,62%,12, 11 of 30,13, 29 of 45,14, 0 of 2,15, 0 of 0,16,0%,17, ---,18,0,19,0,20,0,21,0,22, 0:18,23, 0:04,24, ,25, Teruto Ishihara,26, ,27, ,28, Petr Yan,29, ,30,0,31,2,32, 11 of 30,33, 25 of 40,34,36%,35,62%,36, 11 of 30,37, 29 of 45,38, 0 of 2,39, 0 of 0,40,0%,41, ---,42,0,43,0,44,0,45,0,46, 0:18,47, 0:04,48, ,49, Teruto Ishihara,50, ,51, ,52, Petr Yan,53, ,54, 11 of 30,55, 25 of 40,56,36%,57,62%,58, 4 of 18,59, 18 of 32,60, 2 of 5,61, 7 of 8,62, 5 of 7,63, 0 of 0,64, 9 of 28,65, 19 of 31,66, 2 of 2,67, 1 of 1,68, 0 of 0,69, 5 of 8,70, ,71, Teruto Ishihara,72, ,73, ,74, Petr Yan,75, ,76, 11 of 30,77, 25 of 40,78,36%,79,62%,80, 4 of 18,81, 18 of 32,82, 2 of 5,83, 7 of 8,84, 5 of 7,85, 0 of 0,86, 9 of 28,87, 19 of 31,88, 2 of 2,89, 1 of 1,90, 0 of 0,91," 5 of 8""",,,,,,,,,,,,,,,,,,,,,,,,,,,,,,,,,,,,,,,,,,,,,,,,,,,,,,,,,,,,,,,,,,,,,,,,,,,,,,,,,,,,,,,,,,,,,,,,,,,,,,,,,,,,,,,,,,,,,,,,,,,,,,,,,,,,,,,,,,,,,,,,,,,,,,,,,,,,,,,,,,,,,,,,,,,,,,,,,,,,,,,,,,,,,,,,,,,,,,,,,,,,,,,,,,,,,,,,,,,,,,,,,,,,,,,,,,,,,,,,,,,,,,,,,,,,,,,,,,,,,,,,,,,,,,,,,,,,,,,,,,,,,,,,,,,,,,,,,,,,,,,,,,,,,,,,,,,,,,,,,,,,,,,,,,,,,,,,,,,,,,,,,,,,,,,,,,,,,,,,,,,,,,,,
"""0", ,1, Li Jingliang,2, ,3, ,4, Daichi Abe,5, ,6,0,7,0,8, 96 of 206,9, 45 of 154,10,46%,11,29%,12, 96 of 206,13, 45 of 154,14, 0 of 0,15, 0 of 0,16, ---,17, ---,18,0,19,0,20,0,21,0,22, 0:00,23, 0:00,24, ,25, Li Jingliang,26, ,27, ,28, Daichi Abe,29, ,30,0,31,0,32, 35 of 58,33, 20 of 53,34,60%,35,37%,36, 35 of 58,37, 20 of 53,38, 0 of 0,39, 0 of 0,40, ---,41, ---,42,0,43,0,44,0,45,0,46, 0:00,47, 0:00,48, ,49, Li Jingliang,50, ,51, ,52, Daichi Abe,53, ,54,0,55,0,56, 34 of 81,57, 14 of 51,58,41%,59,27%,60, 34 of 81,61, 14 of 51,62, 0 of 0,63, 0 of 0,64, ---,65, ---,66,0,67,0,68,0,69,0,70, 0:00,71, 0:00,72, ,73, Li Jingliang,74, ,75, ,76, Daichi Abe,77, ,78,0,79,0,80, 27 of 67,81, 11 of 50,82,40%,83,22%,84, 27 of 67,85, 11 of 50,86, 0 of 0,87, 0 of 0,88, ---,89, ---,90,0,91,0,92,0,93,0,94, 0:00,95, 0:00,96, ,97, Li Jingliang,98, ,99, ,100, Daichi Abe,101, ,102, 96 of 206,103, 45 of 154,104,46%,105,29%,106, 32 of 111,107, 24 of 123,108, 13 of 23,109, 1 of 6,110, 51 of 72,111, 20 of 25,112, 95 of 205,113, 45 of 153,114, 1 of 1,115, 0 of 1,116, 0 of 0,117, 0 of 0,118, ,119, Li Jingliang,120, ,121, ,122, Daichi Abe,123, ,124, 35 of 58,125, 20 of 53,126,60%,127,37%,128, 9 of 26,129, 9 of 41,130, 7 of 11,131, 1 of 1,132, 19 of 21,133, 10 of 11,134, 34 of 57,135, 20 of 52,136, 1 of 1,137, 0 of 1,138, 0 of 0,139, 0 of 0,140, ,141, Li Jingliang,142, ,143, ,144, Daichi Abe,145, ,146, 34 of 81,147, 14 of 51,148,41%,149,27%,150, 10 of 42,151, 10 of 41,152, 3 of 7,153, 0 of 2,154, 21 of 32,155, 4 of 8,156, 34 of 81,157, 14 of 51,158, 0 of 0,159, 0 of 0,160, 0 of 0,161, 0 of 0,162, ,163, Li Jingliang,164, ,165, ,166, Daichi Abe,167, ,168, 27 of 67,169, 11 of 50,170,40%,171,22%,172, 13 of 43,173, 5 of 41,174, 3 of 5,175, 0 of 3,176, 11 of 19,177, 6 of 6,178, 27 of 67,179, 11 of 50,180, 0 of 0,181, 0 of 0,182, 0 of 0,183," 0 of 0""",,,,,,,,,,,,,,,,,,,,,,,,,,,,,,,,,,,,,,,,,,,,,,,,,,,,,,,,,,,,,,,,,,,,,,,,,,,,,,,,,,,,,,,,,,,,,,,,,,,,,,,,,,,,,,,,,,,,,,,,,,,,,,,,,,,,,,,,,,,,,,,,,,,,,,,,,,,,,,,,,,,,,,,,,,,,,,,,,,,,,,,,
"""0", ,1, Jessica-Rose Clark,2, ,3, ,4, Jessica Eye,5, ,6,0,7,0,8, 51 of 139,9, 67 of 225,10,36%,11,29%,12, 51 of 139,13, 74 of 232,14, 0 of 0,15, 1 of 2,16, ---,17,50%,18,0,19,0,20,0,21,0,22, 0:02,23, 2:05,24, ,25, Jessica-Rose Clark,26, ,27, ,28, Jessica Eye,29, ,30,0,31,0,32, 18 of 58,33, 17 of 88,34,31%,35,19%,36, 18 of 58,37, 17 of 88,38, 0 of 0,39, 0 of 0,40, ---,41, ---,42,0,43,0,44,0,45,0,46, 0:00,47, 0:00,48, ,49, Jessica-Rose Clark,50, ,51, ,52, Jessica Eye,53, ,54,0,55,0,56, 20 of 46,57, 23 of 71,58,43%,59,32%,60, 20 of 46,61, 24 of 72,62, 0 of 0,63, 0 of 0,64, ---,65, ---,66,0,67,0,68,0,69,0,70, 0:02,71, 0:22,72, ,73, Jessica-Rose Clark,74, ,75, ,76, Jessica Eye,77, ,78,0,79,0,80, 13 of 35,81, 27 of 66,82,37%,83,40%,84, 13 of 35,85, 33 of 72,86, 0 of 0,87, 1 of 2,88, ---,89,50%,90,0,91,0,92,0,93,0,94, 0:00,95, 1:43,96, ,97, Jessica-Rose Clark,98, ,99, ,100, Jessica Eye,101, ,102, 51 of 139,103, 67 of 225,104,36%,105,29%,106, 30 of 111,107, 38 of 182,108, 13 of 18,109, 23 of 35,110, 8 of 10,111, 6 of 8,112, 46 of 132,113, 60 of 217,114, 4 of 5,115, 0 of 0,116, 1 of 2,117, 7 of 8,118, ,119, Jessica-Rose Clark,120, ,121, ,122, Jessica Eye,123, ,124, 18 of 58,125, 17 of 88,126,31%,127,19%,128, 15 of 52,129, 13 of 79,130, 1 of 4,131, 3 of 7,132, 2 of 2,133, 1 of 2,134, 18 of 58,135, 17 of 88,136, 0 of 0,137, 0 of 0,138, 0 of 0,139, 0 of 0,140, ,141, Jessica-Rose Clark,142, ,143, ,144, Jessica Eye,145, ,146, 20 of 46,147, 23 of 71,148,43%,149,32%,150, 10 of 33,151, 10 of 54,152, 7 of 8,153, 9 of 13,154, 3 of 5,155, 4 of 4,156, 18 of 44,157, 21 of 69,158, 2 of 2,159, 0 of 0,160, 0 of 0,161, 2 of 2,162, ,163, Jessica-Rose Clark,164, ,165, ,166, Jessica Eye,167, ,168, 13 of 35,169, 27 of 66,170,37%,171,40%,172, 5 of 26,173, 15 of 49,174, 5 of 6,175, 11 of 15,176, 3 of 3,177, 1 of 2,178, 10 of 30,179, 22 of 60,180, 2 of 3,181, 0 of 0,182, 1 of 2,183," 5 of 6""",,,,,,,,,,,,,,,,,,,,,,,,,,,,,,,,,,,,,,,,,,,,,,,,,,,,,,,,,,,,,,,,,,,,,,,,,,,,,,,,,,,,,,,,,,,,,,,,,,,,,,,,,,,,,,,,,,,,,,,,,,,,,,,,,,,,,,,,,,,,,,,,,,,,,,,,,,,,,,,,,,,,,,,,,,,,,,,,,,,,,,,,
"""0", ,1, Ovince Saint Preux,2, ,3, ,4, Tyson Pedro,5, ,6,0,7,1,8, 7 of 12,9, 9 of 12,10,58%,11,75%,12, 13 of 18,13, 10 of 13,14, 0 of 1,15, 0 of 4,16,0%,17,0%,18,1,19,1,20,0,21,0,22, 0:34,23, 1:19,24, ,25, Ovince Saint Preux,26, ,27, ,28, Tyson Pedro,29, ,30,0,31,1,32, 7 of 12,33, 9 of 12,34,58%,35,75%,36, 13 of 18,37, 10 of 13,38, 0 of 1,39, 0 of 4,40,0%,41,0%,42,1,43,1,44,0,45,0,46, 0:34,47, 1:19,48, ,49, Ovince Saint Preux,50, ,51, ,52, Tyson Pedro,53, ,54, 7 of 12,55, 9 of 12,56,58%,57,75%,58, 5 of 9,59, 5 of 6,60, 2 of 3,61, 3 of 4,62, 0 of 0,63, 1 of 2,64, 4 of 8,65, 6 of 8,66, 0 of 0,67, 3 of 4,68, 3 of 4,69, 0 of 0,70, ,71, Ovince Saint Preux,72, ,73, ,74, Tyson Pedro,75, ,76, 7 of 12,77, 9 of 12,78,58%,79,75%,80, 5 of 9,81, 5 of 6,82, 2 of 3,83, 3 of 4,84, 0 of 0,85, 1 of 2,86, 4 of 8,87, 6 of 8,88, 0 of 0,89, 3 of 4,90, 3 of 4,91," 0 of 0""",,,,,,,,,,,,,,,,,,,,,,,,,,,,,,,,,,,,,,,,,,,,,,,,,,,,,,,,,,,,,,,,,,,,,,,,,,,,,,,,,,,,,,,,,,,,,,,,,,,,,,,,,,,,,,,,,,,,,,,,,,,,,,,,,,,,,,,,,,,,,,,,,,,,,,,,,,,,,,,,,,,,,,,,,,,,,,,,,,,,,,,,,,,,,,,,,,,,,,,,,,,,,,,,,,,,,,,,,,,,,,,,,,,,,,,,,,,,,,,,,,,,,,,,,,,,,,,,,,,,,,,,,,,,,,,,,,,,,,,,,,,,,,,,,,,,,,,,,,,,,,,,,,,,,,,,,,,,,,,,,,,,,,,,,,,,,,,,,,,,,,,,,,,,,,,,,,,,,,,,,,,,,,,,
"""0", ,1, Donald Cerrone,2, ,3, ,4, Leon Edwards,5, ,6,0,7,0,8, 60 of 131,9, 84 of 166,10,45%,11,50%,12, 64 of 136,13, 101 of 185,14, 1 of 9,15, 0 of 4,16,11%,17,0%,18,0,19,0,20,0,21,0,22, 2:43,23, 0:48,24, ,25, Donald Cerrone,26, ,27, ,28, Leon Edwards,29, ,30,0,31,0,32, 12 of 26,33, 16 of 32,34,46%,35,50%,36, 15 of 29,37, 19 of 36,38, 0 of 1,39, 0 of 2,40,0%,41,0%,42,0,43,0,44,0,45,0,46, 0:00,47, 0:45,48, ,49, Donald Cerrone,50, ,51, ,52, Leon Edwards,53, ,54,0,55,0,56, 12 of 26,57, 16 of 32,58,46%,59,50%,60, 12 of 27,61, 24 of 40,62, 0 of 2,63, 0 of 1,64,0%,65,0%,66,0,67,0,68,0,69,0,70, 0:44,71, 0:03,72, ,73, Donald Cerrone,74, ,75, ,76, Leon Edwards,77, ,78,0,79,0,80, 15 of 37,81, 19 of 38,82,40%,83,50%,84, 15 of 37,85, 19 of 38,86, 0 of 3,87, 0 of 0,88,0%,89, ---,90,0,91,0,92,0,93,0,94, 0:11,95, 0:00,96, ,97, Donald Cerrone,98, ,99, ,100, Leon Edwards,101, ,102,0,103,0,104, 10 of 20,105, 15 of 31,106,50%,107,48%,108, 10 of 20,109, 20 of 37,110, 0 of 2,111, 0 of 1,112,0%,113,0%,114,0,115,0,116,0,117,0,118, 0:57,119, 0:00,120, ,121, Donald Cerrone,122, ,123, ,124, Leon Edwards,125, ,126,0,127,0,128, 11 of 22,129, 18 of 33,130,50%,131,54%,132, 12 of 23,133, 19 of 34,134, 1 of 1,135, 0 of 0,136,100%,137, ---,138,0,139,0,140,0,141,0,142, 0:51,143, 0:00,144, ,145, Donald Cerrone,146, ,147, ,148, Leon Edwards,149, ,150, 60 of 131,151, 84 of 166,152,45%,153,50%,154, 17 of 67,155, 37 of 105,156, 30 of 40,157, 19 of 27,158, 13 of 24,159, 28 of 34,160, 48 of 115,161, 62 of 140,162, 11 of 15,163, 22 of 26,164, 1 of 1,165, 0 of 0,166, ,167, Donald Cerrone,168, ,169, ,170, Leon Edwards,171, ,172, 12 of 26,173, 16 of 32,174,46%,175,50%,176, 2 of 13,177, 9 of 22,178, 7 of 9,179, 4 of 7,180, 3 of 4,181, 3 of 3,182, 10 of 24,183, 7 of 22,184, 2 of 2,185, 9 of 10,186, 0 of 0,187, 0 of 0,188, ,189, Donald Cerrone,190, ,191, ,192, Leon Edwards,193, ,194, 12 of 26,195, 16 of 32,196,46%,197,50%,198, 3 of 13,199, 6 of 20,200, 8 of 10,201, 8 of 10,202, 1 of 3,203, 2 of 2,204, 9 of 21,205, 10 of 26,206, 3 of 5,207, 6 of 6,208, 0 of 0,209, 0 of 0,210, ,211, Donald Cerrone,212, ,213, ,214, Leon Edwards,215, ,216, 15 of 37,217, 19 of 38,218,40%,219,50%,220, 8 of 24,221, 11 of 29,222, 6 of 10,223, 5 of 5,224, 1 of 3,225, 3 of 4,226, 12 of 33,227, 15 of 32,228, 3 of 4,229, 4 of 6,230, 0 of 0,231, 0 of 0,232, ,233, Donald Cerrone,234, ,235, ,236, Leon Edwards,237, ,238, 10 of 20,239, 15 of 31,240,50%,241,48%,242, 1 of 7,243, 8 of 19,244, 5 of 5,245, 1 of 3,246, 4 of 8,247, 6 of 9,248, 9 of 18,249, 13 of 29,250, 1 of 2,251, 2 of 2,252, 0 of 0,253, 0 of 0,254, ,255, Donald Cerrone,256, ,257, ,258, Leon Edwards,259, ,260, 11 of 22,261, 18 of 33,262,50%,263,54%,264, 3 of 10,265, 3 of 15,266, 4 of 6,267, 1 of 2,268, 4 of 6,269, 14 of 16,270, 8 of 19,271, 17 of 31,272, 2 of 2,273, 1 of 2,274, 1 of 1,275," 0 of 0"""
"""0", ,1, Mike Santiago,2, ,3, ,4, Dan Ige,5, ,6,0,7,0,8, 0 of 1,9, 25 of 27,10,0%,11,92%,12, 0 of 1,13, 29 of 32,14, 0 of 0,15, 1 of 1,16, ---,17,100%,18,0,19,0,20,0,21,0,22, 0:00,23, 0:32,24, ,25, Mike Santiago,26, ,27, ,28, Dan Ige,29, ,30,0,31,0,32, 0 of 1,33, 25 of 27,34,0%,35,92%,36, 0 of 1,37, 29 of 32,38, 0 of 0,39, 1 of 1,40, ---,41,100%,42,0,43,0,44,0,45,0,46, 0:00,47, 0:32,48, ,49, Mike Santiago,50, ,51, ,52, Dan Ige,53, ,54, 0 of 1,55, 25 of 27,56,0%,57,92%,58, 0 of 1,59, 25 of 27,60, 0 of 0,61, 0 of 0,62, 0 of 0,63, 0 of 0,64, 0 of 1,65, 2 of 2,66, 0 of 0,67, 2 of 3,68, 0 of 0,69, 21 of 22,70, ,71, Mike Santiago,72, ,73, ,74, Dan Ige,75, ,76, 0 of 1,77, 25 of 27,78,0%,79,92%,80, 0 of 1,81, 25 of 27,82, 0 of 0,83, 0 of 0,84, 0 of 0,85, 0 of 0,86, 0 of 1,87, 2 of 2,88, 0 of 0,89, 2 of 3,90, 0 of 0,91," 21 of 22""",,,,,,,,,,,,,,,,,,,,,,,,,,,,,,,,,,,,,,,,,,,,,,,,,,,,,,,,,,,,,,,,,,,,,,,,,,,,,,,,,,,,,,,,,,,,,,,,,,,,,,,,,,,,,,,,,,,,,,,,,,,,,,,,,,,,,,,,,,,,,,,,,,,,,,,,,,,,,,,,,,,,,,,,,,,,,,,,,,,,,,,,,,,,,,,,,,,,,,,,,,,,,,,,,,,,,,,,,,,,,,,,,,,,,,,,,,,,,,,,,,,,,,,,,,,,,,,,,,,,,,,,,,,,,,,,,,,,,,,,,,,,,,,,,,,,,,,,,,,,,,,,,,,,,,,,,,,,,,,,,,,,,,,,,,,,,,,,,,,,,,,,,,,,,,,,,,,,,,,,,,,,,,,,
"""0", ,1, Clay Guida,2, ,3, ,4, Charles Oliveira,5, ,6,0,7,0,8, 9 of 25,9, 14 of 29,10,36%,11,48%,12, 9 of 25,13, 14 of 29,14, 0 of 1,15, 0 of 0,16,0%,17, ---,18,0,19,1,20,0,21,0,22, 0:00,23, 0:02,24, ,25, Clay Guida,26, ,27, ,28, Charles Oliveira,29, ,30,0,31,0,32, 9 of 25,33, 14 of 29,34,36%,35,48%,36, 9 of 25,37, 14 of 29,38, 0 of 1,39, 0 of 0,40,0%,41, ---,42,0,43,1,44,0,45,0,46, 0:00,47, 0:02,48, ,49, Clay Guida,50, ,51, ,52, Charles Oliveira,53, ,54, 9 of 25,55, 14 of 29,56,36%,57,48%,58, 4 of 20,59, 6 of 18,60, 3 of 3,61, 1 of 2,62, 2 of 2,63, 7 of 9,64, 8 of 24,65, 14 of 28,66, 1 of 1,67, 0 of 1,68, 0 of 0,69, 0 of 0,70, ,71, Clay Guida,72, ,73, ,74, Charles Oliveira,75, ,76, 9 of 25,77, 14 of 29,78,36%,79,48%,80, 4 of 20,81, 6 of 18,82, 3 of 3,83, 1 of 2,84, 2 of 2,85, 7 of 9,86, 8 of 24,87, 14 of 28,88, 1 of 1,89, 0 of 1,90, 0 of 0,91," 0 of 0""",,,,,,,,,,,,,,,,,,,,,,,,,,,,,,,,,,,,,,,,,,,,,,,,,,,,,,,,,,,,,,,,,,,,,,,,,,,,,,,,,,,,,,,,,,,,,,,,,,,,,,,,,,,,,,,,,,,,,,,,,,,,,,,,,,,,,,,,,,,,,,,,,,,,,,,,,,,,,,,,,,,,,,,,,,,,,,,,,,,,,,,,,,,,,,,,,,,,,,,,,,,,,,,,,,,,,,,,,,,,,,,,,,,,,,,,,,,,,,,,,,,,,,,,,,,,,,,,,,,,,,,,,,,,,,,,,,,,,,,,,,,,,,,,,,,,,,,,,,,,,,,,,,,,,,,,,,,,,,,,,,,,,,,,,,,,,,,,,,,,,,,,,,,,,,,,,,,,,,,,,,,,,,,,
"""0", ,1, Joseph Benavidez,2, ,3, ,4, Sergio Pettis,5, ,6,0,7,0,8, 59 of 186,9, 74 of 168,10,31%,11,44%,12, 86 of 216,13, 87 of 183,14, 2 of 14,15, 0 of 0,16,14%,17, ---,18,0,19,0,20,0,21,0,22, 4:24,23, 0:00,24, ,25, Joseph Benavidez,26, ,27, ,28, Sergio Pettis,29, ,30,0,31,0,32, 25 of 59,33, 25 of 60,34,42%,35,41%,36, 32 of 67,37, 35 of 70,38, 1 of 5,39, 0 of 0,40,20%,41, ---,42,0,43,0,44,0,45,0,46, 1:14,47, 0:00,48, ,49, Joseph Benavidez,50, ,51, ,52, Sergio Pettis,53, ,54,0,55,0,56, 14 of 54,57, 22 of 47,58,25%,59,46%,60, 26 of 68,61, 24 of 49,62, 0 of 4,63, 0 of 0,64,0%,65, ---,66,0,67,0,68,0,69,0,70, 1:55,71, 0:00,72, ,73, Joseph Benavidez,74, ,75, ,76, Sergio Pettis,77, ,78,0,79,0,80, 20 of 73,81, 27 of 61,82,27%,83,44%,84, 28 of 81,85, 28 of 64,86, 1 of 5,87, 0 of 0,88,20%,89, ---,90,0,91,0,92,0,93,0,94, 1:15,95, 0:00,96, ,97, Joseph Benavidez,98, ,99, ,100, Sergio Pettis,101, ,102, 59 of 186,103, 74 of 168,104,31%,105,44%,106, 28 of 128,107, 69 of 155,108, 14 of 33,109, 5 of 13,110, 17 of 25,111, 0 of 0,112, 57 of 180,113, 64 of 158,114, 2 of 6,115, 9 of 9,116, 0 of 0,117, 1 of 1,118, ,119, Joseph Benavidez,120, ,121, ,122, Sergio Pettis,123, ,124, 25 of 59,125, 25 of 60,126,42%,127,41%,128, 12 of 35,129, 25 of 59,130, 6 of 12,131, 0 of 1,132, 7 of 12,133, 0 of 0,134, 24 of 58,135, 22 of 57,136, 1 of 1,137, 2 of 2,138, 0 of 0,139, 1 of 1,140, ,141, Joseph Benavidez,142, ,143, ,144, Sergio Pettis,145, ,146, 14 of 54,147, 22 of 47,148,25%,149,46%,150, 7 of 38,151, 20 of 41,152, 2 of 10,153, 2 of 6,154, 5 of 6,155, 0 of 0,156, 13 of 51,157, 17 of 42,158, 1 of 3,159, 5 of 5,160, 0 of 0,161, 0 of 0,162, ,163, Joseph Benavidez,164, ,165, ,166, Sergio Pettis,167, ,168, 20 of 73,169, 27 of 61,170,27%,171,44%,172, 9 of 55,173, 24 of 55,174, 6 of 11,175, 3 of 6,176, 5 of 7,177, 0 of 0,178, 20 of 71,179, 25 of 59,180, 0 of 2,181, 2 of 2,182, 0 of 0,183," 0 of 0""",,,,,,,,,,,,,,,,,,,,,,,,,,,,,,,,,,,,,,,,,,,,,,,,,,,,,,,,,,,,,,,,,,,,,,,,,,,,,,,,,,,,,,,,,,,,,,,,,,,,,,,,,,,,,,,,,,,,,,,,,,,,,,,,,,,,,,,,,,,,,,,,,,,,,,,,,,,,,,,,,,,,,,,,,,,,,,,,,,,,,,,,
"""0", ,1, Rashad Evans,2, ,3, ,4, Anthony Smith,5, ,6,0,7,1,8, 1 of 6,9, 6 of 9,10,16%,11,66%,12, 2 of 7,13, 6 of 9,14, 0 of 1,15, 0 of 1,16,0%,17,0%,18,0,19,0,20,0,21,0,22, 0:15,23, 0:04,24, ,25, Rashad Evans,26, ,27, ,28, Anthony Smith,29, ,30,0,31,1,32, 1 of 6,33, 6 of 9,34,16%,35,66%,36, 2 of 7,37, 6 of 9,38, 0 of 1,39, 0 of 1,40,0%,41,0%,42,0,43,0,44,0,45,0,46, 0:15,47, 0:04,48, ,49, Rashad Evans,50, ,51, ,52, Anthony Smith,53, ,54, 1 of 6,55, 6 of 9,56,16%,57,66%,58, 1 of 6,59, 4 of 7,60, 0 of 0,61, 0 of 0,62, 0 of 0,63, 2 of 2,64, 0 of 3,65, 2 of 4,66, 1 of 3,67, 2 of 3,68, 0 of 0,69, 2 of 2,70, ,71, Rashad Evans,72, ,73, ,74, Anthony Smith,75, ,76, 1 of 6,77, 6 of 9,78,16%,79,66%,80, 1 of 6,81, 4 of 7,82, 0 of 0,83, 0 of 0,84, 0 of 0,85, 2 of 2,86, 0 of 3,87, 2 of 4,88, 1 of 3,89, 2 of 3,90, 0 of 0,91," 2 of 2""",,,,,,,,,,,,,,,,,,,,,,,,,,,,,,,,,,,,,,,,,,,,,,,,,,,,,,,,,,,,,,,,,,,,,,,,,,,,,,,,,,,,,,,,,,,,,,,,,,,,,,,,,,,,,,,,,,,,,,,,,,,,,,,,,,,,,,,,,,,,,,,,,,,,,,,,,,,,,,,,,,,,,,,,,,,,,,,,,,,,,,,,,,,,,,,,,,,,,,,,,,,,,,,,,,,,,,,,,,,,,,,,,,,,,,,,,,,,,,,,,,,,,,,,,,,,,,,,,,,,,,,,,,,,,,,,,,,,,,,,,,,,,,,,,,,,,,,,,,,,,,,,,,,,,,,,,,,,,,,,,,,,,,,,,,,,,,,,,,,,,,,,,,,,,,,,,,,,,,,,,,,,,,,,
"""0", ,1, Rashad Coulter,2, ,3, ,4, Chris de la Rocha,5, ,6,0,7,0,8, 30 of 57,9, 40 of 79,10,52%,11,50%,12, 30 of 58,13, 79 of 129,14, 0 of 1,15, 3 of 4,16,0%,17,75%,18,0,19,2,20,0,21,0,22, 0:01,23, 5:20,24, ,25, Rashad Coulter,26, ,27, ,28, Chris de la Rocha,29, ,30,0,31,0,32, 27 of 51,33, 21 of 52,34,52%,35,40%,36, 27 of 52,37, 29 of 62,38, 0 of 1,39, 2 of 3,40,0%,41,66%,42,0,43,1,44,0,45,0,46, 0:01,47, 2:05,48, ,49, Rashad Coulter,50, ,51, ,52, Chris de la Rocha,53, ,54,0,55,0,56, 3 of 6,57, 19 of 27,58,50%,59,70%,60, 3 of 6,61, 50 of 67,62, 0 of 0,63, 1 of 1,64, ---,65,100%,66,0,67,1,68,0,69,0,70, 0:00,71, 3:15,72, ,73, Rashad Coulter,74, ,75, ,76, Chris de la Rocha,77, ,78, 30 of 57,79, 40 of 79,80,52%,81,50%,82, 26 of 52,83, 36 of 75,84, 4 of 5,85, 3 of 3,86, 0 of 0,87, 1 of 1,88, 19 of 41,89, 14 of 46,90, 11 of 16,91, 8 of 11,92, 0 of 0,93, 18 of 22,94, ,95, Rashad Coulter,96, ,97, ,98, Chris de la Rocha,99, ,100, 27 of 51,101, 21 of 52,102,52%,103,40%,104, 23 of 46,105, 19 of 50,106, 4 of 5,107, 1 of 1,108, 0 of 0,109, 1 of 1,110, 17 of 36,111, 10 of 36,112, 10 of 15,113, 8 of 11,114, 0 of 0,115, 3 of 5,116, ,117, Rashad Coulter,118, ,119, ,120, Chris de la Rocha,121, ,122, 3 of 6,123, 19 of 27,124,50%,125,70%,126, 3 of 6,127, 17 of 25,128, 0 of 0,129, 2 of 2,130, 0 of 0,131, 0 of 0,132, 2 of 5,133, 4 of 10,134, 1 of 1,135, 0 of 0,136, 0 of 0,137," 15 of 17""",,,,,,,,,,,,,,,,,,,,,,,,,,,,,,,,,,,,,,,,,,,,,,,,,,,,,,,,,,,,,,,,,,,,,,,,,,,,,,,,,,,,,,,,,,,,,,,,,,,,,,,,,,,,,,,,,,,,,,,,,,,,,,,,,,,,,,,,,,,,,,,,,,,,,,,,,,,,,,,,,,,,,,,,,,,,,,,,,,,,,,,,,,,,,,,,,,,,,,,,,,,,,,,,,,,,,,,,,,,,,,,,,,,,,,,,,,,,,,,,,,,,,,,,,,,,,,,,,,,,,,,,,,,,,,,,,,,,
"""0", ,1, Ricardo Lamas,2, ,3, ,4, Mirsad Bektic,5, ,6,0,7,0,8, 34 of 62,9, 31 of 89,10,54%,11,34%,12, 69 of 97,13, 97 of 174,14, 0 of 4,15, 2 of 4,16,0%,17,50%,18,2,19,0,20,1,21,0,22, 0:54,23, 8:35,24, ,25, Ricardo Lamas,26, ,27, ,28, Mirsad Bektic,29, ,30,0,31,0,32, 12 of 21,33, 12 of 28,34,57%,35,42%,36, 17 of 26,37, 53 of 82,38, 0 of 3,39, 1 of 1,40,0%,41,100%,42,0,43,0,44,0,45,0,46, 0:49,47, 2:11,48, ,49, Ricardo Lamas,50, ,51, ,52, Mirsad Bektic,53, ,54,0,55,0,56, 18 of 29,57, 13 of 45,58,62%,59,28%,60, 30 of 41,61, 23 of 59,62, 0 of 1,63, 0 of 0,64,0%,65, ---,66,0,67,0,68,0,69,0,70, 0:00,71, 2:18,72, ,73, Ricardo Lamas,74, ,75, ,76, Mirsad Bektic,77, ,78,0,79,0,80, 4 of 12,81, 6 of 16,82,33%,83,37%,84, 22 of 30,85, 21 of 33,86, 0 of 0,87, 1 of 3,88, ---,89,33%,90,2,91,0,92,1,93,0,94, 0:05,95, 4:06,96, ,97, Ricardo Lamas,98, ,99, ,100, Mirsad Bektic,101, ,102, 34 of 62,103, 31 of 89,104,54%,105,34%,106, 8 of 34,107, 12 of 65,108, 21 of 23,109, 15 of 18,110, 5 of 5,111, 4 of 6,112, 15 of 40,113, 15 of 62,114, 19 of 20,115, 14 of 23,116, 0 of 2,117, 2 of 4,118, ,119, Ricardo Lamas,120, ,121, ,122, Mirsad Bektic,123, ,124, 12 of 21,125, 12 of 28,126,57%,127,42%,128, 1 of 9,129, 2 of 15,130, 10 of 11,131, 9 of 10,132, 1 of 1,133, 1 of 3,134, 1 of 9,135, 3 of 14,136, 11 of 12,137, 8 of 11,138, 0 of 0,139, 1 of 3,140, ,141, Ricardo Lamas,142, ,143, ,144, Mirsad Bektic,145, ,146, 18 of 29,147, 13 of 45,148,62%,149,28%,150, 5 of 15,151, 7 of 37,152, 9 of 10,153, 3 of 5,154, 4 of 4,155, 3 of 3,156, 10 of 21,157, 7 of 33,158, 8 of 8,159, 6 of 12,160, 0 of 0,161, 0 of 0,162, ,163, Ricardo Lamas,164, ,165, ,166, Mirsad Bektic,167, ,168, 4 of 12,169, 6 of 16,170,33%,171,37%,172, 2 of 10,173, 3 of 13,174, 2 of 2,175, 3 of 3,176, 0 of 0,177, 0 of 0,178, 4 of 10,179, 5 of 15,180, 0 of 0,181, 0 of 0,182, 0 of 2,183," 1 of 1""",,,,,,,,,,,,,,,,,,,,,,,,,,,,,,,,,,,,,,,,,,,,,,,,,,,,,,,,,,,,,,,,,,,,,,,,,,,,,,,,,,,,,,,,,,,,,,,,,,,,,,,,,,,,,,,,,,,,,,,,,,,,,,,,,,,,,,,,,,,,,,,,,,,,,,,,,,,,,,,,,,,,,,,,,,,,,,,,,,,,,,,,
"""0", ,1, Claudia Gadelha,2, ,3, ,4, Carla Esparza,5, ,6,0,7,0,8, 26 of 64,9, 43 of 103,10,40%,11,41%,12, 78 of 124,13, 205 of 288,14, 4 of 5,15, 2 of 4,16,80%,17,50%,18,1,19,0,20,0,21,0,22, 5:02,23, 3:35,24, ,25, Claudia Gadelha,26, ,27, ,28, Carla Esparza,29, ,30,0,31,0,32, 13 of 28,33, 13 of 36,34,46%,35,36%,36, 26 of 45,37, 44 of 74,38, 1 of 1,39, 0 of 2,40,100%,41,0%,42,1,43,0,44,0,45,0,46, 1:00,47, 1:13,48, ,49, Claudia Gadelha,50, ,51, ,52, Carla Esparza,53, ,54,0,55,0,56, 4 of 15,57, 14 of 27,58,26%,59,51%,60, 28 of 42,61, 83 of 104,62, 2 of 3,63, 1 of 1,64,66%,65,100%,66,0,67,0,68,0,69,0,70, 2:44,71, 1:16,72, ,73, Claudia Gadelha,74, ,75, ,76, Carla Esparza,77, ,78,0,79,0,80, 9 of 21,81, 16 of 40,82,42%,83,40%,84, 24 of 37,85, 78 of 110,86, 1 of 1,87, 1 of 1,88,100%,89,100%,90,0,91,0,92,0,93,0,94, 1:18,95, 1:06,96, ,97, Claudia Gadelha,98, ,99, ,100, Carla Esparza,101, ,102, 26 of 64,103, 43 of 103,104,40%,105,41%,106, 23 of 59,107, 33 of 89,108, 3 of 5,109, 3 of 3,110, 0 of 0,111, 7 of 11,112, 22 of 57,113, 28 of 79,114, 1 of 2,115, 7 of 12,116, 3 of 5,117, 8 of 12,118, ,119, Claudia Gadelha,120, ,121, ,122, Carla Esparza,123, ,124, 13 of 28,125, 13 of 36,126,46%,127,36%,128, 12 of 27,129, 8 of 30,130, 1 of 1,131, 0 of 0,132, 0 of 0,133, 5 of 6,134, 10 of 23,135, 11 of 33,136, 1 of 1,137, 2 of 2,138, 2 of 4,139, 0 of 1,140, ,141, Claudia Gadelha,142, ,143, ,144, Carla Esparza,145, ,146, 4 of 15,147, 14 of 27,148,26%,149,51%,150, 4 of 14,151, 12 of 23,152, 0 of 1,153, 1 of 1,154, 0 of 0,155, 1 of 3,156, 3 of 14,157, 6 of 16,158, 0 of 0,159, 4 of 7,160, 1 of 1,161, 4 of 4,162, ,163, Claudia Gadelha,164, ,165, ,166, Carla Esparza,167, ,168, 9 of 21,169, 16 of 40,170,42%,171,40%,172, 7 of 18,173, 13 of 36,174, 2 of 3,175, 2 of 2,176, 0 of 0,177, 1 of 2,178, 9 of 20,179, 11 of 30,180, 0 of 1,181, 1 of 3,182, 0 of 0,183," 4 of 7""",,,,,,,,,,,,,,,,,,,,,,,,,,,,,,,,,,,,,,,,,,,,,,,,,,,,,,,,,,,,,,,,,,,,,,,,,,,,,,,,,,,,,,,,,,,,,,,,,,,,,,,,,,,,,,,,,,,,,,,,,,,,,,,,,,,,,,,,,,,,,,,,,,,,,,,,,,,,,,,,,,,,,,,,,,,,,,,,,,,,,,,,